dataset,model,problem_type,score_name,mean_score,std_score
adult.csv,LogisticRegression,Classification,Accuracy,0.8058637365065863,0.002152143940719957
adult.csv,DecisionTree,Classification,Accuracy,0.8545923318417945,0.002369623364310306
adult.csv,RandomForest,Classification,Accuracy,0.8588714287762297,0.0027153910749071163
adult.csv,GaussianNB,Classification,Accuracy,0.794848634497012,0.0030691358221200116
Housing.csv,LinearRegression,Regression,RMSE,1085819.7122337061,146253.82893056233
Housing.csv,DecisionTree,Regression,RMSE,1613023.317196674,125684.18718405979
Housing.csv,RandomForest,Regression,RMSE,1118450.7878429298,169220.01703330627
iot_energy_management_dataset.csv,LogisticRegression,Classification,Accuracy,0.9540000000000001,0.024166091947189133
iot_energy_management_dataset.csv,DecisionTree,Classification,Accuracy,0.9879999999999999,0.011661903789690611
iot_energy_management_dataset.csv,RandomForest,Classification,Accuracy,0.9640000000000001,0.025768197453450246
iot_energy_management_dataset.csv,GaussianNB,Classification,Accuracy,0.8620000000000001,0.017204650534085267
sensor_maintenance_data.csv,LogisticRegression,Classification,Accuracy,1.0,0.0
sensor_maintenance_data.csv,DecisionTree,Classification,Accuracy,1.0,0.0
sensor_maintenance_data.csv,RandomForest,Classification,Accuracy,1.0,0.0
sensor_maintenance_data.csv,GaussianNB,Classification,Accuracy,1.0,0.0
student_lifestyle_dataset.csv,LogisticRegression,Classification,Accuracy,0.8234999999999999,0.014106735979665863
student_lifestyle_dataset.csv,DecisionTree,Classification,Accuracy,1.0,0.0
student_lifestyle_dataset.csv,RandomForest,Classification,Accuracy,1.0,0.0
student_lifestyle_dataset.csv,GaussianNB,Classification,Accuracy,0.8495000000000001,0.011979148550710958
WineQT.csv,LogisticRegression,Classification,Accuracy,0.5757335478434077,0.037825338934548196
WineQT.csv,DecisionTree,Classification,Accuracy,0.56341837125565,0.01341391723007207
WineQT.csv,RandomForest,Classification,Accuracy,0.6483145637018309,0.025457244273677432
WineQT.csv,GaussianNB,Classification,Accuracy,0.5432697464184478,0.03338760424936372
